{"cameraMode":{"drawMode":0,"name":"Shaded","section":"Shading Mode"},"sceneLighting":true,"audioPlay":false,"sceneViewState":{"m_AlwaysRefresh":false,"showFog":true,"showSkybox":true,"showFlares":true,"showImageEffects":true,"showParticleSystems":true,"showVisualEffectGraphs":true,"m_FxEnabled":true},"in2DMode":false,"pivot":{"x":-0.3734896183013916,"y":0.51030433177948,"z":0.20377397537231446},"rotation":{"x":-0.02725147269666195,"y":0.9673067331314087,"z":-0.11841345578432083,"w":-0.22261346876621247},"size":1.6349008083343506,"orthographic":false}