{"cameraMode":{"drawMode":0,"name":"Shaded","section":"Shading Mode"},"sceneLighting":true,"audioPlay":false,"sceneViewState":{"m_AlwaysRefresh":false,"showFog":true,"showSkybox":true,"showFlares":true,"showImageEffects":true,"showParticleSystems":true,"showVisualEffectGraphs":true,"m_FxEnabled":true},"in2DMode":false,"pivot":{"x":18.936870574951173,"y":-11.245424270629883,"z":33.455474853515628},"rotation":{"x":0.20988932251930238,"y":0.14603504538536073,"z":-0.031721241772174838,"w":0.9662480354309082},"size":19.227588653564454,"orthographic":false}