{"cameraMode":{"drawMode":0,"name":"Shaded","section":"Shading Mode"},"sceneLighting":true,"audioPlay":false,"sceneViewState":{"m_AlwaysRefresh":false,"showFog":true,"showSkybox":true,"showFlares":true,"showImageEffects":true,"showParticleSystems":true,"showVisualEffectGraphs":true,"m_FxEnabled":true},"in2DMode":false,"pivot":{"x":-8.202445983886719,"y":1.0436543226242066,"z":10.74661636352539},"rotation":{"x":0.0018397773383185268,"y":-0.9981086254119873,"z":0.0482557974755764,"w":0.038053177297115329},"size":0.1508207619190216,"orthographic":false}