{"cameraMode":{"drawMode":0,"name":"Shaded","section":"Shading Mode"},"sceneLighting":true,"audioPlay":false,"sceneViewState":{"m_AlwaysRefresh":false,"showFog":true,"showSkybox":true,"showFlares":true,"showImageEffects":true,"showParticleSystems":true,"showVisualEffectGraphs":true,"m_FxEnabled":true},"in2DMode":false,"pivot":{"x":3.9413645267486574,"y":-11.015739440917969,"z":31.733566284179689},"rotation":{"x":0.20196916162967683,"y":0.0176254790276289,"z":-0.0036382684484124185,"w":0.9792391657829285},"size":31.8770809173584,"orthographic":false}