{"cameraMode":{"drawMode":0,"name":"Shaded","section":"Shading Mode"},"sceneLighting":true,"audioPlay":false,"sceneViewState":{"m_AlwaysRefresh":false,"showFog":true,"showSkybox":false,"showFlares":true,"showImageEffects":true,"showParticleSystems":true,"showVisualEffectGraphs":true,"m_FxEnabled":true},"in2DMode":false,"pivot":{"x":-11.455434799194336,"y":-0.21785330772399903,"z":-24.37679672241211},"rotation":{"x":0.0021790903992950918,"y":0.992714524269104,"z":-0.1190946102142334,"w":0.01816518045961857},"size":6.540101528167725,"orthographic":false}