{"cameraMode":{"drawMode":0,"name":"Shaded","section":"Shading Mode"},"sceneLighting":false,"audioPlay":false,"sceneViewState":{"m_AlwaysRefresh":false,"showFog":true,"showSkybox":false,"showFlares":true,"showImageEffects":true,"showParticleSystems":true,"showVisualEffectGraphs":true,"m_FxEnabled":true},"in2DMode":false,"pivot":{"x":-2.384185791015625e-7,"y":2.000004768371582,"z":0.000004649162292480469},"rotation":{"x":-0.3790109157562256,"y":-0.5865857005119324,"z":0.3590829372406006,"w":-0.6191430687904358},"size":3.5640439987182619,"orthographic":false}